{
    "first_token_avg": 5.458656966686249,
    "total_response_avg": 10.523411183357238,
    "total_token": 36868,
    "average_token": 368.68
}