{
    "first_token_avg": 0.5353844642639161,
    "total_response_avg": 3.2521231412887572,
    "total_token": 3753,
    "average_token": 375.3
}