{
    "first_token_avg": 1.315273928642273,
    "total_response_avg": 4.304145622253418,
    "total_token": 7391,
    "average_token": 369.55
}