{
    "first_token_avg": 1.671590836842855,
    "total_response_avg": 4.969054619471232,
    "total_token": 10964,
    "average_token": 365.46666666666664
}