{
    "first_token_avg": 2.0971921145915986,
    "total_response_avg": 5.645558488368988,
    "total_token": 14739,
    "average_token": 368.475
}