{
    "first_token_avg": 2.4898373317718505,
    "total_response_avg": 6.42476215839386,
    "total_token": 18541,
    "average_token": 370.82
}