{
    "first_token_avg": 3.303309953212738,
    "total_response_avg": 7.394668547312419,
    "total_token": 22267,
    "average_token": 371.1166666666667
}