{
    "first_token_avg": 3.596582879338946,
    "total_response_avg": 8.302040311268398,
    "total_token": 26043,
    "average_token": 372.04285714285714
}