{
    "first_token_avg": 4.221084004640579,
    "total_response_avg": 9.102349573373795,
    "total_token": 29944,
    "average_token": 374.3
}