{
    "first_token_avg": 4.960524537828234,
    "total_response_avg": 9.895635922749838,
    "total_token": 32872,
    "average_token": 365.24444444444447
}