{
    "first_token_avg": 5.611053400039673,
    "total_response_avg": 10.60540118932724,
    "total_token": 36391,
    "average_token": 363.91
}