{
    "first_token_avg": 0.5230780601501465,
    "total_response_avg": 3.2110270977020265,
    "total_token": 3760,
    "average_token": 376.0
}