{
    "first_token_avg": 0.9968579292297364,
    "total_response_avg": 4.100039160251617,
    "total_token": 7272,
    "average_token": 363.6
}