{
    "first_token_avg": 1.584616470336914,
    "total_response_avg": 4.8914546251296995,
    "total_token": 10758,
    "average_token": 358.6
}