{
    "first_token_avg": 2.203098303079605,
    "total_response_avg": 5.758877605199814,
    "total_token": 13808,
    "average_token": 345.2
}