{
    "first_token_avg": 2.7112565517425535,
    "total_response_avg": 6.615403780937195,
    "total_token": 16430,
    "average_token": 328.6
}