{
    "first_token_avg": 3.364148322741191,
    "total_response_avg": 7.442266666889191,
    "total_token": 21172,
    "average_token": 352.8666666666667
}