{
    "first_token_avg": 4.038687903540475,
    "total_response_avg": 8.658629393577575,
    "total_token": 26039,
    "average_token": 371.98571428571427
}