{
    "first_token_avg": 3.6494752705097198,
    "total_response_avg": 8.440041410923005,
    "total_token": 29381,
    "average_token": 367.2625
}