{
    "first_token_avg": 5.022337086995443,
    "total_response_avg": 9.896082790692647,
    "total_token": 32372,
    "average_token": 359.68888888888887
}