{
    "first_token_avg": 9.888336720466613,
    "total_response_avg": 33.96332845926285,
    "total_token": 38062,
    "average_token": 380.62
}