{
    "first_token_avg": 1.0529826402664184,
    "total_response_avg": 14.562710165977478,
    "total_token": 3840,
    "average_token": 384.0
}