{
    "first_token_avg": 2.002498149871826,
    "total_response_avg": 15.284311079978943,
    "total_token": 6990,
    "average_token": 349.5
}