{
    "first_token_avg": 2.961321560541789,
    "total_response_avg": 17.55206507841746,
    "total_token": 10830,
    "average_token": 361.0
}