{
    "first_token_avg": 3.9417664647102355,
    "total_response_avg": 21.505638760328292,
    "total_token": 15360,
    "average_token": 384.0
}