{
    "first_token_avg": 4.919118137359619,
    "total_response_avg": 23.343515076637267,
    "total_token": 19200,
    "average_token": 384.0
}