{
    "first_token_avg": 5.896050508817037,
    "total_response_avg": 25.28549413283666,
    "total_token": 23040,
    "average_token": 384.0
}