{
    "first_token_avg": 6.904627326556614,
    "total_response_avg": 26.30996604987553,
    "total_token": 25163,
    "average_token": 359.4714285714286
}