{
    "first_token_avg": 7.954589688777924,
    "total_response_avg": 29.191124695539475,
    "total_token": 28662,
    "average_token": 358.275
}