{
    "first_token_avg": 8.879667009247674,
    "total_response_avg": 28.325409499804177,
    "total_token": 27832,
    "average_token": 309.24444444444447
}