{
    "first_token_avg": 5.515061445236206,
    "total_response_avg": 14.642178900241852,
    "total_token": 37480,
    "average_token": 374.8
}