{
    "first_token_avg": 0.4812931537628174,
    "total_response_avg": 6.564208841323852,
    "total_token": 3693,
    "average_token": 369.3
}