{
    "first_token_avg": 1.0694253087043761,
    "total_response_avg": 7.547638666629791,
    "total_token": 7572,
    "average_token": 378.6
}