{
    "first_token_avg": 1.6945764462153117,
    "total_response_avg": 8.468172200520833,
    "total_token": 11325,
    "average_token": 377.5
}