{
    "first_token_avg": 2.1035114526748657,
    "total_response_avg": 9.25152924656868,
    "total_token": 14911,
    "average_token": 372.775
}