{
    "first_token_avg": 2.7838831090927125,
    "total_response_avg": 10.447906527519226,
    "total_token": 18810,
    "average_token": 376.2
}