{
    "first_token_avg": 3.3678024371465045,
    "total_response_avg": 11.108161342144012,
    "total_token": 22484,
    "average_token": 374.73333333333335
}