{
    "first_token_avg": 3.961333199909755,
    "total_response_avg": 12.562073125158037,
    "total_token": 26304,
    "average_token": 375.77142857142854
}