{
    "first_token_avg": 4.478677749633789,
    "total_response_avg": 13.291601392626763,
    "total_token": 30222,
    "average_token": 377.775
}