{
    "first_token_avg": 4.94131240049998,
    "total_response_avg": 13.894807651307847,
    "total_token": 33719,
    "average_token": 374.65555555555557
}