{
    "first_token_avg": 10.7351376247406,
    "total_response_avg": 70.56587701320649,
    "total_token": 38400,
    "average_token": 384.0
}