{
    "first_token_avg": 1.6481092691421508,
    "total_response_avg": 14.438576245307923,
    "total_token": 3840,
    "average_token": 384.0
}