{
    "first_token_avg": 3.564460587501526,
    "total_response_avg": 21.570055961608887,
    "total_token": 7680,
    "average_token": 384.0
}