{
    "first_token_avg": 3.5882434527079266,
    "total_response_avg": 26.41472978591919,
    "total_token": 11520,
    "average_token": 384.0
}