{
    "first_token_avg": 4.47779004573822,
    "total_response_avg": 32.28128024339676,
    "total_token": 15360,
    "average_token": 384.0
}