{
    "first_token_avg": 5.58984269618988,
    "total_response_avg": 38.57623797893524,
    "total_token": 19200,
    "average_token": 384.0
}