{
    "first_token_avg": 21.85809574921926,
    "total_response_avg": 59.653208029270175,
    "total_token": 23040,
    "average_token": 384.0
}