{
    "first_token_avg": 8.489929618154253,
    "total_response_avg": 51.35848675795964,
    "total_token": 26880,
    "average_token": 384.0
}