{
    "first_token_avg": 10.359660616517067,
    "total_response_avg": 58.43590939640999,
    "total_token": 30720,
    "average_token": 384.0
}