{
    "first_token_avg": 8.973805554707845,
    "total_response_avg": 63.32871163951026,
    "total_token": 34560,
    "average_token": 384.0
}