{
    "first_token_avg": 5.361181399822235,
    "total_response_avg": 13.753666486740112,
    "total_token": 37245,
    "average_token": 372.45
}