{
    "first_token_avg": 0.4903131008148193,
    "total_response_avg": 6.09102144241333,
    "total_token": 3801,
    "average_token": 380.1
}