{
    "first_token_avg": 0.8456508874893188,
    "total_response_avg": 6.701219403743744,
    "total_token": 7567,
    "average_token": 378.35
}