{
    "first_token_avg": 1.393957002957662,
    "total_response_avg": 7.53237476348877,
    "total_token": 11330,
    "average_token": 377.6666666666667
}