{
    "first_token_avg": 2.3766198635101317,
    "total_response_avg": 8.685001689195634,
    "total_token": 15052,
    "average_token": 376.3
}