{
    "first_token_avg": 2.758270196914673,
    "total_response_avg": 9.753242888450622,
    "total_token": 18818,
    "average_token": 376.36
}