{
    "first_token_avg": 3.329277702172597,
    "total_response_avg": 10.458315587043762,
    "total_token": 22563,
    "average_token": 376.05
}