{
    "first_token_avg": 3.956614657810756,
    "total_response_avg": 11.889161661693029,
    "total_token": 26322,
    "average_token": 376.0285714285714
}