{
    "first_token_avg": 4.450779977440834,
    "total_response_avg": 12.545396396517754,
    "total_token": 30125,
    "average_token": 376.5625
}