{
    "first_token_avg": 4.781728174951342,
    "total_response_avg": 13.028302428457472,
    "total_token": 33650,
    "average_token": 373.8888888888889
}