{
    "first_token_avg": 3.261071734428406,
    "total_response_avg": 15.121277911663055,
    "total_token": 38400,
    "average_token": 384.0
}