{
    "first_token_avg": 0.3479332208633423,
    "total_response_avg": 7.9636249303817745,
    "total_token": 3840,
    "average_token": 384.0
}