{
    "first_token_avg": 0.6553905248641968,
    "total_response_avg": 8.523713791370392,
    "total_token": 7680,
    "average_token": 384.0
}