{
    "first_token_avg": 0.9717751264572143,
    "total_response_avg": 9.967103417714437,
    "total_token": 11520,
    "average_token": 384.0
}