{
    "first_token_avg": 1.2919345915317535,
    "total_response_avg": 11.769452238082886,
    "total_token": 15360,
    "average_token": 384.0
}