{
    "first_token_avg": 1.6144911670684814,
    "total_response_avg": 12.763835000991822,
    "total_token": 19200,
    "average_token": 384.0
}