{
    "first_token_avg": 1.9329379240671793,
    "total_response_avg": 12.304037380218507,
    "total_token": 23040,
    "average_token": 384.0
}