{
    "first_token_avg": 2.2628846406936645,
    "total_response_avg": 13.07374770981925,
    "total_token": 26880,
    "average_token": 384.0
}