{
    "first_token_avg": 2.6853950142860414,
    "total_response_avg": 13.799855124950408,
    "total_token": 30720,
    "average_token": 384.0
}