{
    "first_token_avg": 2.9223729504479303,
    "total_response_avg": 14.74300066894955,
    "total_token": 34560,
    "average_token": 384.0
}