{
    "first_token_avg": 11.054830284118653,
    "total_response_avg": 72.80989768028259,
    "total_token": 38400,
    "average_token": 384.0
}