{
    "first_token_avg": 1.3743131160736084,
    "total_response_avg": 14.844112396240234,
    "total_token": 3840,
    "average_token": 384.0
}