{
    "first_token_avg": 2.758978807926178,
    "total_response_avg": 21.497083449363707,
    "total_token": 7680,
    "average_token": 384.0
}