{
    "first_token_avg": 3.6047304312388104,
    "total_response_avg": 27.074275946617128,
    "total_token": 11520,
    "average_token": 384.0
}