{
    "first_token_avg": 4.787060177326202,
    "total_response_avg": 33.440665817260744,
    "total_token": 15360,
    "average_token": 384.0
}