{
    "first_token_avg": 6.752277784347534,
    "total_response_avg": 41.211580901145936,
    "total_token": 19200,
    "average_token": 384.0
}