{
    "first_token_avg": 6.721028792858124,
    "total_response_avg": 46.01976180076599,
    "total_token": 23040,
    "average_token": 384.0
}