{
    "first_token_avg": 8.116638112068177,
    "total_response_avg": 53.0350789478847,
    "total_token": 26880,
    "average_token": 384.0
}