{
    "first_token_avg": 9.205260145664216,
    "total_response_avg": 58.96243098974228,
    "total_token": 30720,
    "average_token": 384.0
}