{
    "first_token_avg": 11.996601496802436,
    "total_response_avg": 67.9423324055142,
    "total_token": 34560,
    "average_token": 384.0
}